{"paths": {"jet/js/src/features/sidebar/popup.js": "jet/js/src/features/sidebar/popup.19c86f1aa25a.js", "jet/js/src/features/sidebar/main.js": "jet/js/src/features/sidebar/main.0ba4006df178.js", "jet/js/src/features/sidebar/bookmarks.js": "jet/js/src/features/sidebar/bookmarks.9888beb3bab4.js", "jet/js/src/features/sidebar/application-pinning.js": "jet/js/src/features/sidebar/application-pinning.48b6cf9f9720.js", "images/2017/12/18/drews.JPG": "images/2017/12/18/drews.ce343b637f1b.JPG", "jet/css/icons/fonts/jet-icons.ttf": "jet/css/icons/fonts/jet-icons.29f7f0fe2afc.ttf", "jet/css/icons/fonts/jet-icons.eot": "jet/css/icons/fonts/jet-icons.780241a3c667.eot", "jet/css/icons/fonts/jet-icons.svg": "jet/css/icons/fonts/jet-icons.046465262e65.svg", "jet/css/icons/fonts/jet-icons.woff": "jet/css/icons/fonts/jet-icons.57f96e903e3f.woff", "jet/css/themes/green/base.scss": "jet/css/themes/green/base.b1e295ade477.scss", "jet/css/themes/green/_variables.scss": "jet/css/themes/green/_variables.b7d6e71ef328.scss", "jet/css/themes/green/select2.theme.css": "jet/css/themes/green/select2.theme.44b2880e03cb.css", "jet/css/themes/green/jquery-ui.theme.css": "jet/css/themes/green/jquery-ui.theme.4802d2f16ae5.css", "jet/css/themes/green/jquery-ui.theme.css.map": "jet/css/themes/green/jquery-ui.theme.css.558c69eb900e.map", "jet/css/themes/green/jquery-ui.theme.scss": "jet/css/themes/green/jquery-ui.theme.5c0404d6eb22.scss", "jet/css/themes/green/select2.theme.scss": "jet/css/themes/green/select2.theme.3ae6a66f8b34.scss", "jet/css/themes/green/base.css.map": "jet/css/themes/green/base.css.775efc705957.map", "jet/css/themes/green/select2.theme.css.map": "jet/css/themes/green/select2.theme.css.b98e6aa399d6.map", "jet/css/themes/green/base.css": "jet/css/themes/green/base.36491379a3c1.css", "jet/css/themes/light-gray/base.scss": "jet/css/themes/light-gray/base.b1e295ade477.scss", "jet/css/themes/light-gray/_variables.scss": "jet/css/themes/light-gray/_variables.4ae7f89cf2c7.scss", "jet/css/themes/light-gray/select2.theme.css": "jet/css/themes/light-gray/select2.theme.00bcabdc922f.css", "jet/css/themes/light-gray/jquery-ui.theme.css": "jet/css/themes/light-gray/jquery-ui.theme.7b30abdd0a57.css", "jet/css/themes/light-gray/jquery-ui.theme.css.map": "jet/css/themes/light-gray/jquery-ui.theme.css.3e0793e3fb46.map", "jet/css/themes/light-gray/jquery-ui.theme.scss": "jet/css/themes/light-gray/jquery-ui.theme.5c0404d6eb22.scss", "jet/css/themes/light-gray/select2.theme.scss": "jet/css/themes/light-gray/select2.theme.3ae6a66f8b34.scss", "jet/css/themes/light-gray/base.css.map": "jet/css/themes/light-gray/base.css.ae55475961eb.map", "jet/css/themes/light-gray/select2.theme.css.map": "jet/css/themes/light-gray/select2.theme.css.63938b9b6a60.map", "jet/css/themes/light-gray/base.css": "jet/css/themes/light-gray/base.fb74a2bcf49e.css", "jet/css/themes/light-blue/base.scss": "jet/css/themes/light-blue/base.b1e295ade477.scss", "jet/css/themes/light-blue/_variables.scss": "jet/css/themes/light-blue/_variables.340aa062d239.scss", "jet/css/themes/light-blue/select2.theme.css": "jet/css/themes/light-blue/select2.theme.93eb4e9fe772.css", "jet/css/themes/light-blue/jquery-ui.theme.css": "jet/css/themes/light-blue/jquery-ui.theme.380e0daeb562.css", "jet/css/themes/light-blue/jquery-ui.theme.css.map": "jet/css/themes/light-blue/jquery-ui.theme.css.a281c9ff6690.map", "jet/css/themes/light-blue/jquery-ui.theme.scss": "jet/css/themes/light-blue/jquery-ui.theme.5c0404d6eb22.scss", "jet/css/themes/light-blue/select2.theme.scss": "jet/css/themes/light-blue/select2.theme.3ae6a66f8b34.scss", "jet/css/themes/light-blue/base.css.map": "jet/css/themes/light-blue/base.css.6351b08b38bf.map", "jet/css/themes/light-blue/select2.theme.css.map": "jet/css/themes/light-blue/select2.theme.css.bf433ef8debd.map", "jet/css/themes/light-blue/base.css": "jet/css/themes/light-blue/base.f7785500847e.css", "jet/css/themes/default/base.scss": "jet/css/themes/default/base.b1e295ade477.scss", "jet/css/themes/default/_variables.scss": "jet/css/themes/default/_variables.a4d53240a3ae.scss", "jet/css/themes/default/select2.theme.css": "jet/css/themes/default/select2.theme.c68d63911d39.css", "jet/css/themes/default/jquery-ui.theme.css": "jet/css/themes/default/jquery-ui.theme.5cf87bfd9791.css", "jet/css/themes/default/jquery-ui.theme.css.map": "jet/css/themes/default/jquery-ui.theme.css.b431d33c861a.map", "jet/css/themes/default/jquery-ui.theme.scss": "jet/css/themes/default/jquery-ui.theme.5c0404d6eb22.scss", "jet/css/themes/default/select2.theme.scss": "jet/css/themes/default/select2.theme.3ae6a66f8b34.scss", "jet/css/themes/default/base.css.map": "jet/css/themes/default/base.css.325a0f620c89.map", "jet/css/themes/default/select2.theme.css.map": "jet/css/themes/default/select2.theme.css.5a7051b33cf4.map", "jet/css/themes/default/base.css": "jet/css/themes/default/base.1cf137b282bd.css", "jet/css/themes/light-green/base.scss": "jet/css/themes/light-green/base.b1e295ade477.scss", "jet/css/themes/light-green/_variables.scss": "jet/css/themes/light-green/_variables.e0c8d973d144.scss", "jet/css/themes/light-green/select2.theme.css": "jet/css/themes/light-green/select2.theme.6247b7d71753.css", "jet/css/themes/light-green/jquery-ui.theme.css": "jet/css/themes/light-green/jquery-ui.theme.7b30abdd0a57.css", "jet/css/themes/light-green/jquery-ui.theme.css.map": "jet/css/themes/light-green/jquery-ui.theme.css.a4c55d11ab3b.map", "jet/css/themes/light-green/jquery-ui.theme.scss": "jet/css/themes/light-green/jquery-ui.theme.5c0404d6eb22.scss", "jet/css/themes/light-green/select2.theme.scss": "jet/css/themes/light-green/select2.theme.3ae6a66f8b34.scss", "jet/css/themes/light-green/base.css.map": "jet/css/themes/light-green/base.css.b5e63fb5768a.map", "jet/css/themes/light-green/select2.theme.css.map": "jet/css/themes/light-green/select2.theme.css.fd84a2fdf495.map", "jet/css/themes/light-green/base.css": "jet/css/themes/light-green/base.480f4f8c94a1.css", "jet/css/themes/light-violet/base.scss": "jet/css/themes/light-violet/base.b1e295ade477.scss", "jet/css/themes/light-violet/_variables.scss": "jet/css/themes/light-violet/_variables.b733064e6026.scss", "jet/css/themes/light-violet/select2.theme.css": "jet/css/themes/light-violet/select2.theme.3824e9ea9da9.css", "jet/css/themes/light-violet/jquery-ui.theme.css": "jet/css/themes/light-violet/jquery-ui.theme.34a7899298d2.css", "jet/css/themes/light-violet/jquery-ui.theme.css.map": "jet/css/themes/light-violet/jquery-ui.theme.css.abbf97c3f26c.map", "jet/css/themes/light-violet/jquery-ui.theme.scss": "jet/css/themes/light-violet/jquery-ui.theme.5c0404d6eb22.scss", "jet/css/themes/light-violet/select2.theme.scss": "jet/css/themes/light-violet/select2.theme.3ae6a66f8b34.scss", "jet/css/themes/light-violet/base.css.map": "jet/css/themes/light-violet/base.css.f5e1b9219e5a.map", "jet/css/themes/light-violet/select2.theme.css.map": "jet/css/themes/light-violet/select2.theme.css.93da497fef94.map", "jet/css/themes/light-violet/base.css": "jet/css/themes/light-violet/base.c9a264785da0.css", "jet/css/jquery-ui/images/ui-icons_cd0a0a_256x240.png": "jet/css/jquery-ui/images/ui-icons_cd0a0a_256x240.5d8808d43cef.png", "jet/css/jquery-ui/images/ui-icons_888888_256x240.png": "jet/css/jquery-ui/images/ui-icons_888888_256x240.faf6f5dc44e7.png", "jet/css/jquery-ui/images/ui-bg_glass_75_dadada_1x400.png": "jet/css/jquery-ui/images/ui-bg_glass_75_dadada_1x400.c12c6510dad3.png", "jet/css/jquery-ui/images/ui-icons_2e83ff_256x240.png": "jet/css/jquery-ui/images/ui-icons_2e83ff_256x240.25162bf857a8.png", "jet/css/jquery-ui/images/ui-bg_flat_75_ffffff_40x100.png": "jet/css/jquery-ui/images/ui-bg_flat_75_ffffff_40x100.8692e6efddf8.png", "jet/css/jquery-ui/images/ui-bg_glass_75_e6e6e6_1x400.png": "jet/css/jquery-ui/images/ui-bg_glass_75_e6e6e6_1x400.f4254356c2a8.png", "jet/css/jquery-ui/images/ui-bg_glass_65_ffffff_1x400.png": "jet/css/jquery-ui/images/ui-bg_glass_65_ffffff_1x400.e5a8f32e28fd.png", "jet/css/jquery-ui/images/ui-bg_glass_95_fef1ec_1x400.png": "jet/css/jquery-ui/images/ui-bg_glass_95_fef1ec_1x400.5a3be2d8fff8.png", "jet/css/jquery-ui/images/ui-icons_222222_256x240.png": "jet/css/jquery-ui/images/ui-icons_222222_256x240.9129e086dc48.png", "jet/css/jquery-ui/images/ui-bg_highlight-soft_75_cccccc_1x100.png": "jet/css/jquery-ui/images/ui-bg_highlight-soft_75_cccccc_1x100.72c593d16e99.png", "jet/css/jquery-ui/images/ui-bg_glass_55_fbf9ee_1x400.png": "jet/css/jquery-ui/images/ui-bg_glass_55_fbf9ee_1x400.f8f4558e0b92.png", "jet/css/jquery-ui/images/ui-icons_454545_256x240.png": "jet/css/jquery-ui/images/ui-icons_454545_256x240.771099482bdc.png", "jet/css/jquery-ui/images/ui-bg_flat_0_aaaaaa_40x100.png": "jet/css/jquery-ui/images/ui-bg_flat_0_aaaaaa_40x100.2a44fbdb7360.png", "jet/js/i18n/jquery-ui-timepicker/jquery.ui.timepicker-es.js": "jet/js/i18n/jquery-ui-timepicker/jquery.ui.timepicker-es.428c5ac984eb.js", "jet/js/i18n/jquery-ui-timepicker/jquery.ui.timepicker-it.js": "jet/js/i18n/jquery-ui-timepicker/jquery.ui.timepicker-it.717a0d08407d.js", "jet/js/i18n/jquery-ui-timepicker/jquery.ui.timepicker-tr.js": "jet/js/i18n/jquery-ui-timepicker/jquery.ui.timepicker-tr.24c8532fb1ff.js", "jet/js/i18n/jquery-ui-timepicker/jquery.ui.timepicker-cs.js": "jet/js/i18n/jquery-ui-timepicker/jquery.ui.timepicker-cs.1732b53dfe58.js", "jet/js/i18n/jquery-ui-timepicker/jquery.ui.timepicker-nl.js": "jet/js/i18n/jquery-ui-timepicker/jquery.ui.timepicker-nl.d1cb6cc82dd3.js", "jet/js/i18n/jquery-ui-timepicker/jquery.ui.timepicker-fr.js": "jet/js/i18n/jquery-ui-timepicker/jquery.ui.timepicker-fr.1ee5741e0313.js", "jet/js/i18n/jquery-ui-timepicker/jquery.ui.timepicker-sv.js": "jet/js/i18n/jquery-ui-timepicker/jquery.ui.timepicker-sv.3a1aeb9a4c61.js", "jet/js/i18n/jquery-ui-timepicker/jquery.ui.timepicker-hu.js": "jet/js/i18n/jquery-ui-timepicker/jquery.ui.timepicker-hu.7d8160d30e01.js", "jet/js/i18n/jquery-ui-timepicker/jquery.ui.timepicker-de.js": "jet/js/i18n/jquery-ui-timepicker/jquery.ui.timepicker-de.bfbbf7b0ab03.js", "jet/js/i18n/jquery-ui-timepicker/jquery.ui.timepicker-pt-BR.js": "jet/js/i18n/jquery-ui-timepicker/jquery.ui.timepicker-pt-BR.7bf90a692b39.js", "jet/js/i18n/jquery-ui-timepicker/jquery.ui.timepicker-ja.js": "jet/js/i18n/jquery-ui-timepicker/jquery.ui.timepicker-ja.cac16ceeea0f.js", "jet/js/i18n/jquery-ui-timepicker/jquery.ui.timepicker-ru.js": "jet/js/i18n/jquery-ui-timepicker/jquery.ui.timepicker-ru.5ad85c76e802.js", "jet/js/i18n/jquery-ui-timepicker/jquery.ui.timepicker-mk.js": "jet/js/i18n/jquery-ui-timepicker/jquery.ui.timepicker-mk.170ae3fa4c6d.js", "jet/js/i18n/jquery-ui-timepicker/jquery.ui.timepicker-hr.js": "jet/js/i18n/jquery-ui-timepicker/jquery.ui.timepicker-hr.d6a6cd58f562.js", "jet/js/i18n/jquery-ui-timepicker/jquery.ui.timepicker-pl.js": "jet/js/i18n/jquery-ui-timepicker/jquery.ui.timepicker-pl.7c9ab749c1f0.js", "jet/js/i18n/jquery-ui-timepicker/jquery.ui.timepicker-sl.js": "jet/js/i18n/jquery-ui-timepicker/jquery.ui.timepicker-sl.7ce203532a7d.js", "jet/js/i18n/select2/pt.js": "jet/js/i18n/select2/pt.13059013668b.js", "jet/js/i18n/select2/vi.js": "jet/js/i18n/select2/vi.aca473bee3e5.js", "jet/js/i18n/select2/lv.js": "jet/js/i18n/select2/lv.472328ee2aa0.js", "jet/js/i18n/select2/gl.js": "jet/js/i18n/select2/gl.e95ab500e0ee.js", "jet/js/i18n/select2/pl.js": "jet/js/i18n/select2/pl.83f499310a31.js", "jet/js/i18n/select2/et.js": "jet/js/i18n/select2/et.55c1bbbfdc5d.js", "jet/js/i18n/select2/is.js": "jet/js/i18n/select2/is.098999f3e8d9.js", "jet/js/i18n/select2/ko.js": "jet/js/i18n/select2/ko.95db256af659.js", "jet/js/i18n/select2/hr.js": "jet/js/i18n/select2/hr.ccff0008a92a.js", "jet/js/i18n/select2/fi.js": "jet/js/i18n/select2/fi.5fd16243b06a.js", "jet/js/i18n/select2/th.js": "jet/js/i18n/select2/th.05df0a3cf3cd.js", "jet/js/i18n/select2/ru.js": "jet/js/i18n/select2/ru.f8c138495c99.js", "jet/js/i18n/select2/eu.js": "jet/js/i18n/select2/eu.98331930b7c0.js", "jet/js/i18n/select2/mk.js": "jet/js/i18n/select2/mk.f0633db4a984.js", "jet/js/i18n/select2/he.js": "jet/js/i18n/select2/he.a252476be70c.js", "jet/js/i18n/select2/bg.js": "jet/js/i18n/select2/bg.ffd1cb7062be.js", "jet/js/i18n/select2/id.js": "jet/js/i18n/select2/id.9bc2b29aed8b.js", "jet/js/i18n/select2/az.js": "jet/js/i18n/select2/az.4373e99cf557.js", "jet/js/i18n/select2/ca.js": "jet/js/i18n/select2/ca.2cee3e481688.js", "jet/js/i18n/select2/nb.js": "jet/js/i18n/select2/nb.f1d56ddb89db.js", "jet/js/i18n/select2/zh-CN.js": "jet/js/i18n/select2/zh-CN.c93cd2e832c3.js", "jet/js/i18n/select2/zh-TW.js": "jet/js/i18n/select2/zh-TW.b2ce5dc8fabd.js", "jet/js/i18n/select2/pt-BR.js": "jet/js/i18n/select2/pt-BR.6b2c5d2a8562.js", "jet/js/i18n/select2/da.js": "jet/js/i18n/select2/da.b33f5b427c56.js", "jet/js/i18n/select2/fa.js": "jet/js/i18n/select2/fa.8d679d5bbb7f.js", "jet/js/i18n/select2/de.js": "jet/js/i18n/select2/de.35cd97e2c7cf.js", "jet/js/i18n/select2/en.js": "jet/js/i18n/select2/en.428215a0b737.js", "jet/js/i18n/select2/sv.js": "jet/js/i18n/select2/sv.d67d306a84c1.js", "jet/js/i18n/select2/hi.js": "jet/js/i18n/select2/hi.45926a091980.js", "jet/js/i18n/select2/uk.js": "jet/js/i18n/select2/uk.8c4ff4bc7b01.js", "jet/js/i18n/select2/cs.js": "jet/js/i18n/select2/cs.b1473fa8b4a7.js", "jet/js/i18n/select2/fr.js": "jet/js/i18n/select2/fr.c4d2f8fd3185.js", "jet/js/i18n/select2/nl.js": "jet/js/i18n/select2/nl.b076d1e7e656.js", "jet/js/i18n/select2/sr.js": "jet/js/i18n/select2/sr.56b9a904446c.js", "jet/js/i18n/select2/hu.js": "jet/js/i18n/select2/hu.340e18f2098f.js", "jet/js/i18n/select2/lt.js": "jet/js/i18n/select2/lt.92504dc44baf.js", "jet/js/i18n/select2/sk.js": "jet/js/i18n/select2/sk.cdb403217666.js", "jet/js/i18n/select2/it.js": "jet/js/i18n/select2/it.247a22b01299.js", "jet/js/i18n/select2/es.js": "jet/js/i18n/select2/es.43b23cb5dcc3.js", "jet/js/i18n/select2/ro.js": "jet/js/i18n/select2/ro.4363ae0412c5.js", "jet/js/i18n/select2/tr.js": "jet/js/i18n/select2/tr.4b1403bf027d.js", "jet/js/i18n/jquery-ui/datepicker-id.js": "jet/js/i18n/jquery-ui/datepicker-id.f4d8761dddf8.js", "jet/js/i18n/jquery-ui/datepicker-az.js": "jet/js/i18n/jquery-ui/datepicker-az.61439732c44a.js", "jet/js/i18n/jquery-ui/datepicker-zh-CN.js": "jet/js/i18n/jquery-ui/datepicker-zh-CN.b516cf4e41a0.js", "jet/js/i18n/jquery-ui/datepicker-en-AU.js": "jet/js/i18n/jquery-ui/datepicker-en-AU.af1d8d67d8a5.js", "jet/js/i18n/jquery-ui/datepicker-af.js": "jet/js/i18n/jquery-ui/datepicker-af.485c262501b6.js", "jet/js/i18n/jquery-ui/datepicker-hy.js": "jet/js/i18n/jquery-ui/datepicker-hy.8264e4120c4f.js", "jet/js/i18n/jquery-ui/datepicker-ky.js": "jet/js/i18n/jquery-ui/datepicker-ky.b4125e047777.js", "jet/js/i18n/jquery-ui/datepicker-ja.js": "jet/js/i18n/jquery-ui/datepicker-ja.f5c003c4d7e6.js", "jet/js/i18n/jquery-ui/datepicker-ka.js": "jet/js/i18n/jquery-ui/datepicker-ka.b459c643379e.js", "jet/js/i18n/jquery-ui/datepicker-zh-TW.js": "jet/js/i18n/jquery-ui/datepicker-zh-TW.5df309aed707.js", "jet/js/i18n/jquery-ui/datepicker-pt-BR.js": "jet/js/i18n/jquery-ui/datepicker-pt-BR.830e351ebba4.js", "jet/js/i18n/jquery-ui/datepicker-he.js": "jet/js/i18n/jquery-ui/datepicker-he.f504bebf7f0d.js", "jet/js/i18n/jquery-ui/datepicker-bg.js": "jet/js/i18n/jquery-ui/datepicker-bg.f770b4acaa97.js", "jet/js/i18n/jquery-ui/datepicker-sq.js": "jet/js/i18n/jquery-ui/datepicker-sq.6d207981abd0.js", "jet/js/i18n/jquery-ui/datepicker-nl-BE.js": "jet/js/i18n/jquery-ui/datepicker-nl-BE.a9d6737b500b.js", "jet/js/i18n/jquery-ui/datepicker-ar-DZ.js": "jet/js/i18n/jquery-ui/datepicker-ar-DZ.b7ea20f72c0a.js", "jet/js/i18n/jquery-ui/datepicker-fr-CA.js": "jet/js/i18n/jquery-ui/datepicker-fr-CA.c37d41a7c507.js", "jet/js/i18n/jquery-ui/datepicker-en-GB.js": "jet/js/i18n/jquery-ui/datepicker-en-GB.d06d93e1e0da.js", "jet/js/i18n/jquery-ui/datepicker-rm.js": "jet/js/i18n/jquery-ui/datepicker-rm.bcfe9f30be29.js", "jet/js/i18n/jquery-ui/datepicker-hr.js": "jet/js/i18n/jquery-ui/datepicker-hr.25e711a474b7.js", "jet/js/i18n/jquery-ui/datepicker-ms.js": "jet/js/i18n/jquery-ui/datepicker-ms.2d55bd99bbd4.js", "jet/js/i18n/jquery-ui/datepicker-th.js": "jet/js/i18n/jquery-ui/datepicker-th.5fca3c9b96c5.js", "jet/js/i18n/jquery-ui/datepicker-fi.js": "jet/js/i18n/jquery-ui/datepicker-fi.f83faf3924b1.js", "jet/js/i18n/jquery-ui/datepicker-ru.js": "jet/js/i18n/jquery-ui/datepicker-ru.7dfcd097412d.js", "jet/js/i18n/jquery-ui/datepicker-eu.js": "jet/js/i18n/jquery-ui/datepicker-eu.d379d734a979.js", "jet/js/i18n/jquery-ui/datepicker-mk.js": "jet/js/i18n/jquery-ui/datepicker-mk.b01e1ce202c9.js", "jet/js/i18n/jquery-ui/datepicker-no.js": "jet/js/i18n/jquery-ui/datepicker-no.6e13069eca0c.js", "jet/js/i18n/jquery-ui/datepicker-el.js": "jet/js/i18n/jquery-ui/datepicker-el.2196bf021b52.js", "jet/js/i18n/jquery-ui/datepicker-et.js": "jet/js/i18n/jquery-ui/datepicker-et.3fde912a5a91.js", "jet/js/i18n/jquery-ui/datepicker-is.js": "jet/js/i18n/jquery-ui/datepicker-is.1c6c970ed89a.js", "jet/js/i18n/jquery-ui/datepicker-sl.js": "jet/js/i18n/jquery-ui/datepicker-sl.33761793f6b7.js", "jet/js/i18n/jquery-ui/datepicker-nn.js": "jet/js/i18n/jquery-ui/datepicker-nn.f6b131ad4d17.js", "jet/js/i18n/jquery-ui/datepicker-ko.js": "jet/js/i18n/jquery-ui/datepicker-ko.eab5373d22a7.js", "jet/js/i18n/jquery-ui/datepicker-pt.js": "jet/js/i18n/jquery-ui/datepicker-pt.aca37915a805.js", "jet/js/i18n/jquery-ui/datepicker-vi.js": "jet/js/i18n/jquery-ui/datepicker-vi.8cd36012a74c.js", "jet/js/i18n/jquery-ui/datepicker-lv.js": "jet/js/i18n/jquery-ui/datepicker-lv.a4ace44bab14.js", "jet/js/i18n/jquery-ui/datepicker-kk.js": "jet/js/i18n/jquery-ui/datepicker-kk.b004ac83a0c0.js", "jet/js/i18n/jquery-ui/datepicker-it-CH.js": "jet/js/i18n/jquery-ui/datepicker-it-CH.32d5b91e0a73.js", "jet/js/i18n/jquery-ui/datepicker-gl.js": "jet/js/i18n/jquery-ui/datepicker-gl.d23069d9263c.js", "jet/js/i18n/jquery-ui/datepicker-pl.js": "jet/js/i18n/jquery-ui/datepicker-pl.de1d24ae3ce7.js", "jet/js/i18n/jquery-ui/datepicker-eo.js": "jet/js/i18n/jquery-ui/datepicker-eo.3a710e06476c.js", "jet/js/i18n/jquery-ui/datepicker-ro.js": "jet/js/i18n/jquery-ui/datepicker-ro.b8f4b248cecc.js", "jet/js/i18n/jquery-ui/datepicker-tj.js": "jet/js/i18n/jquery-ui/datepicker-tj.ad18fd0cf980.js", "jet/js/i18n/jquery-ui/datepicker-tr.js": "jet/js/i18n/jquery-ui/datepicker-tr.cf09161b94a9.js", "jet/js/i18n/jquery-ui/datepicker-fo.js": "jet/js/i18n/jquery-ui/datepicker-fo.e6588f1dd3bd.js", "jet/js/i18n/jquery-ui/datepicker-ar.js": "jet/js/i18n/jquery-ui/datepicker-ar.553dbe0c9bce.js", "jet/js/i18n/jquery-ui/datepicker-sr-SR.js": "jet/js/i18n/jquery-ui/datepicker-sr-SR.865816743a13.js", "jet/js/i18n/jquery-ui/datepicker-sk.js": "jet/js/i18n/jquery-ui/datepicker-sk.c9d2e6b3d008.js", "jet/js/i18n/jquery-ui/datepicker-it.js": "jet/js/i18n/jquery-ui/datepicker-it.4ec013ff0827.js", "jet/js/i18n/jquery-ui/datepicker-es.js": "jet/js/i18n/jquery-ui/datepicker-es.bb2651578f78.js", "jet/js/i18n/jquery-ui/datepicker-en-NZ.js": "jet/js/i18n/jquery-ui/datepicker-en-NZ.93e034cd19aa.js", "jet/js/i18n/jquery-ui/datepicker-sr.js": "jet/js/i18n/jquery-ui/datepicker-sr.70d5098ccd0e.js", "jet/js/i18n/jquery-ui/datepicker-hu.js": "jet/js/i18n/jquery-ui/datepicker-hu.81af6e4cdad1.js", "jet/js/i18n/jquery-ui/datepicker-lt.js": "jet/js/i18n/jquery-ui/datepicker-lt.6d4448b47db4.js", "jet/js/i18n/jquery-ui/datepicker-ml.js": "jet/js/i18n/jquery-ui/datepicker-ml.40d88000d871.js", "jet/js/i18n/jquery-ui/datepicker-bs.js": "jet/js/i18n/jquery-ui/datepicker-bs.8f00ff1b619d.js", "jet/js/i18n/jquery-ui/datepicker-sv.js": "jet/js/i18n/jquery-ui/datepicker-sv.147d4d3c5ada.js", "jet/js/i18n/jquery-ui/datepicker-hi.js": "jet/js/i18n/jquery-ui/datepicker-hi.71265d79749e.js", "jet/js/i18n/jquery-ui/datepicker-uk.js": "jet/js/i18n/jquery-ui/datepicker-uk.40dfc5f7aa52.js", "jet/js/i18n/jquery-ui/datepicker-cs.js": "jet/js/i18n/jquery-ui/datepicker-cs.a67ea4ea3a13.js", "jet/js/i18n/jquery-ui/datepicker-km.js": "jet/js/i18n/jquery-ui/datepicker-km.40f4b0a38934.js", "jet/js/i18n/jquery-ui/datepicker-fr.js": "jet/js/i18n/jquery-ui/datepicker-fr.671b890d7e9c.js", "jet/js/i18n/jquery-ui/datepicker-nl.js": "jet/js/i18n/jquery-ui/datepicker-nl.0a30262822d3.js", "jet/js/i18n/jquery-ui/datepicker-fa.js": "jet/js/i18n/jquery-ui/datepicker-fa.3a61105ba08f.js", "jet/js/i18n/jquery-ui/datepicker-de.js": "jet/js/i18n/jquery-ui/datepicker-de.5b758da4b172.js", "jet/js/i18n/jquery-ui/datepicker-da.js": "jet/js/i18n/jquery-ui/datepicker-da.53169e102609.js", "jet/js/i18n/jquery-ui/datepicker-nb.js": "jet/js/i18n/jquery-ui/datepicker-nb.e0cb9e8cf25d.js", "jet/js/i18n/jquery-ui/datepicker-be.js": "jet/js/i18n/jquery-ui/datepicker-be.fe7c84e2dd6e.js", "jet/js/i18n/jquery-ui/datepicker-lb.js": "jet/js/i18n/jquery-ui/datepicker-lb.96460ac21a7b.js", "jet/js/i18n/jquery-ui/datepicker-ca.js": "jet/js/i18n/jquery-ui/datepicker-ca.8181a2a1a65b.js", "jet/js/i18n/jquery-ui/datepicker-ta.js": "jet/js/i18n/jquery-ui/datepicker-ta.44496f175c25.js", "jet/js/i18n/jquery-ui/datepicker-fr-CH.js": "jet/js/i18n/jquery-ui/datepicker-fr-CH.efd50b257d35.js", "jet/js/i18n/jquery-ui/datepicker-cy-GB.js": "jet/js/i18n/jquery-ui/datepicker-cy-GB.dd5ff7009224.js", "jet/js/i18n/jquery-ui/datepicker-zh-HK.js": "jet/js/i18n/jquery-ui/datepicker-zh-HK.09559142bacc.js", "jet/js/src/features/scroll-to-bottom-detector.js": "jet/js/src/features/scroll-to-bottom-detector.1c497c13c46e.js", "jet/js/src/features/related-popups.js": "jet/js/src/features/related-popups.65bc8fce6ef6.js", "jet/js/src/features/changelist.js": "jet/js/src/features/changelist.e0e4518b6d0f.js", "jet/js/src/features/themes.js": "jet/js/src/features/themes.1ecb130bfe7b.js", "jet/js/src/features/tooltips.js": "jet/js/src/features/tooltips.fee80d696705.js", "jet/js/src/features/checkboxes.js": "jet/js/src/features/checkboxes.ad42068446dc.js", "jet/js/src/features/inlines.js": "jet/js/src/features/inlines.ddda387d8e9a.js", "jet/js/src/features/filters.js": "jet/js/src/features/filters.390daa930031.js", "jet/js/src/features/touchmove-non-scrollable.js": "jet/js/src/features/touchmove-non-scrollable.b1d383e01e93.js", "jet/js/src/features/selects.js": "jet/js/src/features/selects.e1d8bc1a170b.js", "jet/js/src/features/siblings.js": "jet/js/src/features/siblings.3fff17ceaea8.js", "jet/js/src/features/date-time-widgets.js": "jet/js/src/features/date-time-widgets.eb6169e7e607.js", "jet/js/src/features/dashboard.js": "jet/js/src/features/dashboard.f019ed553ba8.js", "jet/js/src/features/changeform-tabs.js": "jet/js/src/features/changeform-tabs.577c30bce460.js", "jet/js/src/features/compact-inline.js": "jet/js/src/features/compact-inline.459bd4c650b0.js", "jet/js/src/features/changeform.js": "jet/js/src/features/changeform.3d4c7970072c.js", "jet/js/src/utils/window-storage.js": "jet/js/src/utils/window-storage.1b8b0e29a9d6.js", "jet/js/src/utils/translate.js": "jet/js/src/utils/translate.1e547602b7bf.js", "jet/js/src/utils/jquery-slidefade.js": "jet/js/src/utils/jquery-slidefade.e69d924edd03.js", "jet/js/src/utils/jquery-icontains.js": "jet/js/src/utils/jquery-icontains.ebb4e58903b3.js", "jet/js/src/layout-updaters/icons.js": "jet/js/src/layout-updaters/icons.76cf2cd44019.js", "jet/js/src/layout-updaters/user-tools.js": "jet/js/src/layout-updaters/user-tools.623793be5459.js", "jet/js/src/layout-updaters/actions.js": "jet/js/src/layout-updaters/actions.b5092505a792.js", "jet/js/src/layout-updaters/stacked-inline.js": "jet/js/src/layout-updaters/stacked-inline.4b044ec9d228.js", "jet/js/src/layout-updaters/branding.js": "jet/js/src/layout-updaters/branding.280adcb44897.js", "jet/js/src/layout-updaters/object-tools.js": "jet/js/src/layout-updaters/object-tools.55ff3ea33bf1.js", "jet/js/src/layout-updaters/tabular-inline.js": "jet/js/src/layout-updaters/tabular-inline.7865a07d0fb3.js", "jet/js/src/layout-updaters/breadcrumbs.js": "jet/js/src/layout-updaters/breadcrumbs.26089f7b2568.js", "jet/js/src/layout-updaters/paginator.js": "jet/js/src/layout-updaters/paginator.c532264c3360.js", "jet/js/src/layout-updaters/toolbar.js": "jet/js/src/layout-updaters/toolbar.e3195d797ef0.js", "jet/js/src/layout-updaters/delete-confirmation.js": "jet/js/src/layout-updaters/delete-confirmation.f0282a8f8673.js", "jet/js/src/layout-updaters/related-widget-wrapper.js": "jet/js/src/layout-updaters/related-widget-wrapper.86e4eeb4340e.js", "jet/js/src/layout-updaters/changeform-tabs.js": "jet/js/src/layout-updaters/changeform-tabs.57ca507ce88f.js", "admin/js/vendor/jquery/LICENSE-JQUERY.txt": "admin/js/vendor/jquery/LICENSE-JQUERY.a158210a2737.txt", "admin/js/vendor/jquery/jquery.min.js": "admin/js/vendor/jquery/jquery.min.33cabfa15c10.js", "admin/js/vendor/jquery/jquery.js": "admin/js/vendor/jquery/jquery.aacc43d6f308.js", "admin/js/vendor/xregexp/xregexp.min.js": "admin/js/vendor/xregexp/xregexp.min.c95393b8ca4d.js", "admin/js/vendor/xregexp/xregexp.js": "admin/js/vendor/xregexp/xregexp.1865b1cf5085.js", "admin/js/vendor/xregexp/LICENSE-XREGEXP.txt": "admin/js/vendor/xregexp/LICENSE-XREGEXP.d64cecf4f157.txt", "jet/css/icons/_variables.scss": "jet/css/icons/_variables.1ece1c6e567e.scss", "jet/css/icons/style.css": "jet/css/icons/style.232598b5b19c.css", "jet/css/select2/_single.scss": "jet/css/select2/_single.e7b4c512d5bb.scss", "jet/css/select2/_layout.scss": "jet/css/select2/_layout.029b5e5dfc04.scss", "jet/css/select2/_multiple.scss": "jet/css/select2/_multiple.640834afd613.scss", "jet/css/jquery-ui/_jquery-ui.theme.scss": "jet/css/jquery-ui/_jquery-ui.theme.ec4d95d06c13.scss", "jet/js/build/bundle.min.js": "jet/js/build/bundle.min.0e5d53505df5.js", "jet/js/src/main.js": "jet/js/src/main.eb36a92f1fe5.js", "admin/js/admin/RelatedObjectLookups.js": "admin/js/admin/RelatedObjectLookups.d41d8cd98f00.js", "admin/js/admin/DateTimeShortcuts.js": "admin/js/admin/DateTimeShortcuts.d41d8cd98f00.js", "admin/img/gis/move_vertex_on.svg": "admin/img/gis/move_vertex_on.0047eba25b67.svg", "admin/img/gis/move_vertex_off.svg": "admin/img/gis/move_vertex_off.7a23bf31ef8a.svg", "rest_framework/docs/css/bootstrap.min.css": "rest_framework/docs/css/bootstrap.min.30fe75135f50.css", "rest_framework/docs/css/highlight.css": "rest_framework/docs/css/highlight.e0e4d973c6d7.css", "rest_framework/docs/css/font-awesome-4.0.3.css": "rest_framework/docs/css/font-awesome-4.0.3.c1e1ea213abf.css", "rest_framework/docs/css/base.css": "rest_framework/docs/css/base.c1f714975cce.css", "rest_framework/docs/css/bootstrap-theme.min.css": "rest_framework/docs/css/bootstrap-theme.min.00b93e6ea6fb.css", "rest_framework/docs/css/jquery.json-view.min.css": "rest_framework/docs/css/jquery.json-view.min.a2e6beeb6710.css", "rest_framework/docs/js/highlight.pack.js": "rest_framework/docs/js/highlight.pack.479b5f21dcba.js", "rest_framework/docs/js/bootstrap.min.js": "rest_framework/docs/js/bootstrap.min.79b5346433d3.js", "rest_framework/docs/js/jquery-1.10.2.min.js": "rest_framework/docs/js/jquery-1.10.2.min.628072e7212d.js", "rest_framework/docs/js/api.js": "rest_framework/docs/js/api.c9743eab7a4f.js", "rest_framework/docs/js/jquery.json-view.min.js": "rest_framework/docs/js/jquery.json-view.min.b7c2d6981377.js", "rest_framework/docs/img/favicon.ico": "rest_framework/docs/img/favicon.5195b4d0f3eb.ico", "rest_framework/docs/img/grid.png": "rest_framework/docs/img/grid.a4b938cf382b.png", "rest_framework/docs/fonts/fontawesome-webfont.svg": "rest_framework/docs/fonts/fontawesome-webfont.83e37a11f9d7.svg", "rest_framework/docs/fonts/glyphicons-halflings-regular.woff": "rest_framework/docs/fonts/glyphicons-halflings-regular.fa2772327f55.woff", "rest_framework/docs/fonts/glyphicons-halflings-regular.eot": "rest_framework/docs/fonts/glyphicons-halflings-regular.f4769f9bdb74.eot", "rest_framework/docs/fonts/glyphicons-halflings-regular.woff2": "rest_framework/docs/fonts/glyphicons-halflings-regular.448c34a56d69.woff2", "rest_framework/docs/fonts/glyphicons-halflings-regular.ttf": "rest_framework/docs/fonts/glyphicons-halflings-regular.e18bbf611f2a.ttf", "rest_framework/docs/fonts/fontawesome-webfont.ttf": "rest_framework/docs/fonts/fontawesome-webfont.dcb26c7239d8.ttf", "rest_framework/docs/fonts/fontawesome-webfont.woff": "rest_framework/docs/fonts/fontawesome-webfont.3293616ec0c6.woff", "rest_framework/docs/fonts/glyphicons-halflings-regular.svg": "rest_framework/docs/fonts/glyphicons-halflings-regular.08eda92397ae.svg", "rest_framework/docs/fonts/fontawesome-webfont.eot": "rest_framework/docs/fonts/fontawesome-webfont.8b27bc96115c.eot", "range_filter/css/style.css": "range_filter/css/style.3648be36d887.css", "jet/css/vendor.css": "jet/css/vendor.dc55c58e3bc4.css", "jet/css/_variables.scss": "jet/css/_variables.a69f434c6ec6.scss", "jet/css/_object-tools.scss": "jet/css/_object-tools.ab2a45a9988c.scss", "jet/css/_relatedpopup.scss": "jet/css/_relatedpopup.0441939cea64.scss", "jet/css/_delete-confirmation.scss": "jet/css/_delete-confirmation.44595b53dab3.scss", "jet/css/_login.scss": "jet/css/_login.6bc91b9e7af5.scss", "jet/css/_helpers.scss": "jet/css/_helpers.3adfa496c0e9.scss", "jet/css/_dashboard.scss": "jet/css/_dashboard.0dbb60f3810c.scss", "jet/css/_modules.scss": "jet/css/_modules.ecd24dccc4b4.scss", "jet/css/_forms.scss": "jet/css/_forms.398a2e1678a7.scss", "jet/css/_globals.scss": "jet/css/_globals.4079301b1c58.scss", "jet/css/_tables.scss": "jet/css/_tables.43c1be9992ba.scss", "jet/css/_content.scss": "jet/css/_content.122b7d1526d7.scss", "jet/css/_changeform.scss": "jet/css/_changeform.40af9e8ff6d1.scss", "jet/css/_breadcrumbs.scss": "jet/css/_breadcrumbs.1cd600d3bd02.scss", "jet/css/_sidebar.scss": "jet/css/_sidebar.a5917e614e59.scss", "jet/css/_changelist.scss": "jet/css/_changelist.04e4a774de1a.scss", "jet/css/_header.scss": "jet/css/_header.3703168626cc.scss", "jet/css/_messages.scss": "jet/css/_messages.2c2bd253b021.scss", "jet/css/_base.scss": "jet/css/_base.a32ce34e0874.scss", "admin/css/widgets.css": "admin/css/widgets.d41d8cd98f00.css", "admin/css/login.css": "admin/css/login.d41d8cd98f00.css", "admin/css/dashboard.css": "admin/css/dashboard.d41d8cd98f00.css", "admin/css/forms.css": "admin/css/forms.d41d8cd98f00.css", "admin/css/fonts.css": "admin/css/fonts.d41d8cd98f00.css", "admin/css/rtl.css": "admin/css/rtl.d41d8cd98f00.css", "admin/css/base.css": "admin/css/base.d41d8cd98f00.css", "admin/css/changelists.css": "admin/css/changelists.d41d8cd98f00.css", "admin/js/SelectFilter2.js": "admin/js/SelectFilter2.47e30fdd179f.js", "admin/js/related-widget-wrapper.js": "admin/js/related-widget-wrapper.d41d8cd98f00.js", "admin/js/urlify.js": "admin/js/urlify.411bc3bb651c.js", "admin/js/inlines.min.js": "admin/js/inlines.min.d75b9ed03975.js", "admin/js/core.js": "admin/js/core.fd861d43f0f5.js", "admin/js/collapse.js": "admin/js/collapse.17d715df2104.js", "admin/js/actions.js": "admin/js/actions.32861b6cbdf9.js", "admin/js/prepopulate.js": "admin/js/prepopulate.ff9208865444.js", "admin/js/cancel.js": "admin/js/cancel.1d69cba4b4bf.js", "admin/js/inlines.js": "admin/js/inlines.eda404ee376d.js", "admin/js/change_form.js": "admin/js/change_form.9e85003a1a38.js", "admin/js/jquery.init.js": "admin/js/jquery.init.95b62fa19378.js", "admin/js/popup_response.js": "admin/js/popup_response.6ce3197f8fc8.js", "admin/js/SelectBox.js": "admin/js/SelectBox.b49f008d186b.js", "admin/js/actions.min.js": "admin/js/actions.min.f51f04edab28.js", "admin/js/calendar.js": "admin/js/calendar.9ac94d055fbd.js", "admin/js/timeparse.js": "admin/js/timeparse.51258861a46a.js", "admin/js/prepopulate.min.js": "admin/js/prepopulate.min.f4057ebb9b62.js", "admin/js/collapse.min.js": "admin/js/collapse.min.dc930adb2821.js", "admin/js/prepopulate_init.js": "admin/js/prepopulate_init.0d3b53c37074.js", "admin/img/search.svg": "admin/img/search.7cf54ff789c6.svg", "admin/img/icon-calendar.svg": "admin/img/icon-calendar.ac7aea671bea.svg", "admin/img/icon-clock.svg": "admin/img/icon-clock.e1d4dfac3f2b.svg", "admin/img/icon-no.svg": "admin/img/icon-no.439e821418cd.svg", "admin/img/tooltag-add.svg": "admin/img/tooltag-add.e59d620a9742.svg", "admin/img/inline-delete.svg": "admin/img/inline-delete.fec1b761f254.svg", "admin/img/LICENSE": "admin/img/LICENSE.2c54f4e1ca1c", "admin/img/icon-changelink.svg": "admin/img/icon-changelink.18d2fd706348.svg", "admin/img/icon-unknown.svg": "admin/img/icon-unknown.a18cb4398978.svg", "admin/img/sorting-icons.svg": "admin/img/sorting-icons.3a097b59f104.svg", "admin/img/icon-yes.svg": "admin/img/icon-yes.d2f9f035226a.svg", "admin/img/icon-addlink.svg": "admin/img/icon-addlink.d519b3bab011.svg", "admin/img/icon-unknown-alt.svg": "admin/img/icon-unknown-alt.81536e128bb6.svg", "admin/img/icon-deletelink.svg": "admin/img/icon-deletelink.564ef9dc3854.svg", "admin/img/README.txt": "admin/img/README.837277fa1908.txt", "admin/img/selector-icons.svg": "admin/img/selector-icons.b4555096cea2.svg", "admin/img/calendar-icons.svg": "admin/img/calendar-icons.39b290681a8b.svg", "admin/img/tooltag-arrowright.svg": "admin/img/tooltag-arrowright.bbfb788a849e.svg", "admin/img/icon-alert.svg": "admin/img/icon-alert.034cc7d8a67f.svg", "admin/fonts/Roboto-Light-webfont.woff": "admin/fonts/Roboto-Light-webfont.b446c2399bb6.woff", "admin/fonts/Roboto-Bold-webfont.woff": "admin/fonts/Roboto-Bold-webfont.2ad99072841e.woff", "admin/fonts/Roboto-Regular-webfont.woff": "admin/fonts/Roboto-Regular-webfont.ec39515ae8c6.woff", "admin/fonts/README.txt": "admin/fonts/README.2c3d0bcdede2.txt", "admin/fonts/LICENSE.txt": "admin/fonts/LICENSE.d273d63619c9.txt", "rest_framework/css/bootstrap.min.css": "rest_framework/css/bootstrap.min.86ba6b6fae66.css", "rest_framework/css/prettify.css": "rest_framework/css/prettify.a987f72342ee.css", "rest_framework/css/default.css": "rest_framework/css/default.8d5591a6aabc.css", "rest_framework/css/bootstrap-tweaks.css": "rest_framework/css/bootstrap-tweaks.46ed116b0edd.css", "rest_framework/js/jquery-1.12.4.min.js": "rest_framework/js/jquery-1.12.4.min.4f252523d4af.js", "rest_framework/js/ajax-form.js": "rest_framework/js/ajax-form.0ea6e6052ab5.js", "rest_framework/js/prettify-min.js": "rest_framework/js/prettify-min.709bfcc456c6.js", "rest_framework/js/csrf.js": "rest_framework/js/csrf.753b7a1f2ee7.js", "rest_framework/js/bootstrap.min.js": "rest_framework/js/bootstrap.min.5869c96cc8f1.js", "rest_framework/js/default.js": "rest_framework/js/default.b846d7d305c9.js", "rest_framework/js/coreapi-0.1.1.js": "rest_framework/js/coreapi-0.1.1.8851fb9336c9.js", "rest_framework/img/grid.png": "rest_framework/img/grid.a4b938cf382b.png", "rest_framework/img/glyphicons-halflings.png": "rest_framework/img/glyphicons-halflings.90233c9067e9.png", "rest_framework/img/glyphicons-halflings-white.png": "rest_framework/img/glyphicons-halflings-white.9bbc6e960299.png", "rest_framework/fonts/glyphicons-halflings-regular.woff": "rest_framework/fonts/glyphicons-halflings-regular.fa2772327f55.woff", "rest_framework/fonts/glyphicons-halflings-regular.eot": "rest_framework/fonts/glyphicons-halflings-regular.f4769f9bdb74.eot", "rest_framework/fonts/glyphicons-halflings-regular.woff2": "rest_framework/fonts/glyphicons-halflings-regular.448c34a56d69.woff2", "rest_framework/fonts/glyphicons-halflings-regular.ttf": "rest_framework/fonts/glyphicons-halflings-regular.e18bbf611f2a.ttf", "rest_framework/fonts/glyphicons-halflings-regular.svg": "rest_framework/fonts/glyphicons-halflings-regular.08eda92397ae.svg"}, "version": "1.0"}